MAPE,MAPE_mean,improvement
0.021902200595623263,0.09724354386599672,4.44
