MAPE,MAPE_mean,improvement
0.02178396509565341,0.09671728383648381,4.44
